<?xml version="1.0" encoding="UTF-8"?>
<project-private xmlns="http://www.netbeans.org/ns/project-private/1">
    <editor-bookmarks xmlns="http://www.netbeans.org/ns/editor-bookmarks/2" lastBookmarkId="0"/>
    <open-files xmlns="http://www.netbeans.org/ns/projectui-open-files/2">
        <group>
            <file>file:/C:/Users/ACER/Documents/CSD201/LAB2Q4/src/lab2q4/MyStack.java</file>
            <file>file:/C:/Users/ACER/Documents/CSD201/LAB2Q4/src/lab2q4/Node.java</file>
            <file>file:/C:/Users/ACER/Documents/CSD201/LAB2Q4/src/lab2q4/Main.java</file>
            <file>file:/C:/Users/ACER/Documents/CSD201/LAB2Q4/src/lab2q4/MyQueue.java</file>
        </group>
    </open-files>
</project-private>
