<?xml version="1.0" encoding="UTF-8"?>
<project-private xmlns="http://www.netbeans.org/ns/project-private/1">
    <editor-bookmarks xmlns="http://www.netbeans.org/ns/editor-bookmarks/2" lastBookmarkId="0"/>
    <open-files xmlns="http://www.netbeans.org/ns/projectui-open-files/2">
        <group>
            <file>file:/C:/Users/ACER/Documents/CSD201/Q1/src/q1/MyList.java</file>
            <file>file:/C:/Users/ACER/Documents/CSD201/Q1/src/q1/Node.java</file>
            <file>file:/C:/Users/ACER/Documents/CSD201/Q1/src/q1/Q1.java</file>
        </group>
    </open-files>
</project-private>
